{"cameraMode":{"drawMode":0,"name":"Shaded","section":"Shading Mode"},"sceneLighting":true,"audioPlay":false,"sceneViewState":{"showFog":true,"showMaterialUpdate":true,"showSkybox":true,"showFlares":true,"showImageEffects":true,"showParticleSystems":true},"in2DMode":false,"pivot":{"x":1212.9952392578125,"y":515.3169555664063,"z":-2.2047119140625},"rotation":{"x":0.012309424579143525,"y":-0.004504370968788862,"z":0.0000554439211555291,"w":0.9999138116836548},"size":513.2733764648438,"orthographic":false}